<graph id="Graph">
  <version>1.0</version>
  <node id="Read">
    <operator>Read</operator>
    <sources/>
    <parameters class="com.bc.ceres.binding.dom.XppDomElement">
      <file>/home/rus/shared/Training/Webinars/HAZA01_FloodMapping_Malawi_TutorialKit/Original/S1A_IW_GRDH_1SSV_20141229T030724_20141229T030753_003928_004B86_DA25.zip</file>
    </parameters>
  </node>
  <node id="Subset">
    <operator>Subset</operator>
    <sources>
      <sourceProduct refid="Read"/>
    </sources>
    <parameters class="com.bc.ceres.binding.dom.XppDomElement">
      <sourceBands/>
      <region>0,0,25644,19520</region>
      <geoRegion/>
      <subSamplingX>1</subSamplingX>
      <subSamplingY>1</subSamplingY>
      <fullSwath>false</fullSwath>
      <tiePointGridNames/>
      <copyMetadata>true</copyMetadata>
    </parameters>
  </node>
  <node id="Apply-Orbit-File">
    <operator>Apply-Orbit-File</operator>
    <sources>
      <sourceProduct refid="Subset"/>
    </sources>
    <parameters class="com.bc.ceres.binding.dom.XppDomElement">
      <orbitType>Sentinel Precise (Auto Download)</orbitType>
      <polyDegree>3</polyDegree>
      <continueOnFail>false</continueOnFail>
    </parameters>
  </node>
  <node id="ThermalNoiseRemoval">
    <operator>ThermalNoiseRemoval</operator>
    <sources>
      <sourceProduct refid="Apply-Orbit-File"/>
    </sources>
    <parameters class="com.bc.ceres.binding.dom.XppDomElement">
      <selectedPolarisations/>
      <removeThermalNoise>true</removeThermalNoise>
      <reIntroduceThermalNoise>false</reIntroduceThermalNoise>
    </parameters>
  </node>
  <node id="Calibration">
    <operator>Calibration</operator>
    <sources>
      <sourceProduct refid="ThermalNoiseRemoval"/>
    </sources>
    <parameters class="com.bc.ceres.binding.dom.XppDomElement">
      <sourceBands/>
      <auxFile>Product Auxiliary File</auxFile>
      <externalAuxFile/>
      <outputImageInComplex>false</outputImageInComplex>
      <outputImageScaleInDb>false</outputImageScaleInDb>
      <createGammaBand>false</createGammaBand>
      <createBetaBand>false</createBetaBand>
      <selectedPolarisations/>
      <outputSigmaBand>true</outputSigmaBand>
      <outputGammaBand>false</outputGammaBand>
      <outputBetaBand>false</outputBetaBand>
    </parameters>
  </node>
  <node id="Terrain-Correction">
    <operator>Terrain-Correction</operator>
    <sources>
      <sourceProduct refid="Speckle-Filter"/>
    </sources>
    <parameters class="com.bc.ceres.binding.dom.XppDomElement">
      <sourceBands/>
      <demName>SRTM 3Sec</demName>
      <externalDEMFile/>
      <externalDEMNoDataValue>0.0</externalDEMNoDataValue>
      <externalDEMApplyEGM>true</externalDEMApplyEGM>
      <demResamplingMethod>BILINEAR_INTERPOLATION</demResamplingMethod>
      <imgResamplingMethod>BILINEAR_INTERPOLATION</imgResamplingMethod>
      <pixelSpacingInMeter>10.0</pixelSpacingInMeter>
      <pixelSpacingInDegree>8.983152841195215E-5</pixelSpacingInDegree>
      <mapProjection>GEOGCS[&quot;WGS84(DD)&quot;, 
  DATUM[&quot;WGS84&quot;, 
    SPHEROID[&quot;WGS84&quot;, 6378137.0, 298.257223563]], 
  PRIMEM[&quot;Greenwich&quot;, 0.0], 
  UNIT[&quot;degree&quot;, 0.017453292519943295], 
  AXIS[&quot;Geodetic longitude&quot;, EAST], 
  AXIS[&quot;Geodetic latitude&quot;, NORTH]]</mapProjection>
      <alignToStandardGrid>false</alignToStandardGrid>
      <standardGridOriginX>0.0</standardGridOriginX>
      <standardGridOriginY>0.0</standardGridOriginY>
      <nodataValueAtSea>true</nodataValueAtSea>
      <saveDEM>false</saveDEM>
      <saveLatLon>false</saveLatLon>
      <saveIncidenceAngleFromEllipsoid>false</saveIncidenceAngleFromEllipsoid>
      <saveLocalIncidenceAngle>false</saveLocalIncidenceAngle>
      <saveProjectedLocalIncidenceAngle>false</saveProjectedLocalIncidenceAngle>
      <saveSelectedSourceBand>true</saveSelectedSourceBand>
      <outputComplex>false</outputComplex>
      <applyRadiometricNormalization>false</applyRadiometricNormalization>
      <saveSigmaNought>false</saveSigmaNought>
      <saveGammaNought>false</saveGammaNought>
      <saveBetaNought>false</saveBetaNought>
      <incidenceAngleForSigma0>Use projected local incidence angle from DEM</incidenceAngleForSigma0>
      <incidenceAngleForGamma0>Use projected local incidence angle from DEM</incidenceAngleForGamma0>
      <auxFile>Latest Auxiliary File</auxFile>
      <externalAuxFile/>
    </parameters>
  </node>
  <node id="Speckle-Filter">
    <operator>Speckle-Filter</operator>
    <sources>
      <sourceProduct refid="Calibration"/>
    </sources>
    <parameters class="com.bc.ceres.binding.dom.XppDomElement">
      <sourceBands/>
      <filter>Lee Sigma</filter>
      <filterSizeX>3</filterSizeX>
      <filterSizeY>3</filterSizeY>
      <dampingFactor>2</dampingFactor>
      <estimateENL>true</estimateENL>
      <enl>1.0</enl>
      <numLooksStr>1</numLooksStr>
      <windowSize>7x7</windowSize>
      <targetWindowSizeStr>3x3</targetWindowSizeStr>
      <sigmaStr>0.9</sigmaStr>
      <anSize>50</anSize>
    </parameters>
  </node>
  <node id="Write">
    <operator>Write</operator>
    <sources>
      <sourceProduct refid="Terrain-Correction"/>
    </sources>
    <parameters class="com.bc.ceres.binding.dom.XppDomElement">
      <file>/home/rus/.snap/var/cache/snap-benchmark-tmp/Subset_S1A_IW_GRDH_1SSV_20141229T030724_20141229T030753_003928_004B86_DA25_Orb_NR_Cal_Spk_TC.dim</file>
      <formatName>BEAM-DIMAP</formatName>
    </parameters>
  </node>
  <applicationData id="Presentation">
    <Description/>
    <node id="Read">
            <displayPosition x="4.0" y="145.0"/>
    </node>
    <node id="Subset">
      <displayPosition x="90.0" y="144.0"/>
    </node>
    <node id="Apply-Orbit-File">
      <displayPosition x="179.0" y="145.0"/>
    </node>
    <node id="ThermalNoiseRemoval">
      <displayPosition x="316.0" y="144.0"/>
    </node>
    <node id="Calibration">
      <displayPosition x="498.0" y="144.0"/>
    </node>
    <node id="Terrain-Correction">
      <displayPosition x="750.0" y="145.0"/>
    </node>
    <node id="Speckle-Filter">
      <displayPosition x="619.0" y="144.0"/>
    </node>
    <node id="Write">
            <displayPosition x="907.0" y="146.0"/>
    </node>
  </applicationData>
</graph>