<graph id="Graph">
  <version>1.0</version>
  <node id="Read">
    <operator>Read</operator>
    <sources/>
    <parameters class="com.bc.ceres.binding.dom.XppDomElement">
      <file>/shared/Training/HAZA01_FloodMapping_Malawi_TutorialKit/Processing/S1A_IW_GRDH_1SSV_20141229T030724_20141229T030753_003928_004B86_DA25.dim</file>
    </parameters>
  </node>
  <node id="BandMaths">
    <operator>BandMaths</operator>
    <sources>
      <sourceProduct refid="Read"/>
    </sources>
    <parameters class="com.bc.ceres.binding.dom.XppDomElement">
      <targetBands>
        <targetBand>
          <name>newBand</name>
          <type>float32</type>
          <expression/>
          <description/>
          <unit/>
          <noDataValue>0.0</noDataValue>
        </targetBand>
      </targetBands>
      <variables/>
    </parameters>
  </node>
  <node id="Write">
    <operator>Write</operator>
    <sources>
      <sourceProduct refid="BandMaths"/>
    </sources>
    <parameters class="com.bc.ceres.binding.dom.XppDomElement">
      <file>/shared/Training/HAZA01_FloodMapping_Malawi_TutorialKit/Processing/S1A_IW_GRDH_1SSV_20141229T030724_20141229T030753_003928_004B86_DA25_BandMath.dim</file>
      <formatName>BEAM-DIMAP</formatName>
    </parameters>
  </node>
  <applicationData id="Presentation">
    <Description/>
    <node id="Read">
            <displayPosition x="37.0" y="134.0"/>
    </node>
    <node id="BandMaths">
      <displayPosition x="249.0" y="134.0"/>
    </node>
    <node id="Write">
            <displayPosition x="455.0" y="135.0"/>
    </node>
  </applicationData>
</graph>